CEREBELLUM_LEFT	THALAMUS_LEFT	CAUDATE_LEFT	PUTAMEN_LEFT	PALLIDUM_LEFT	BRAIN_STEM	HIPPOCAMPUS_LEFT	AMYGDALA_LEFT	ACCUMBENS_LEFT	DIENCEPHALON_VENTRAL_LEFT	CEREBELLUM_RIGHT	THALAMUS_RIGHT	CAUDATE_RIGHT	PUTAMEN_RIGHT	PALLIDUM_RIGHT	HIPPOCAMPUS_RIGHT	AMYGDALA_RIGHT	ACCUMBENS_RIGHT	DIENCEPHALON_VENTRAL_RIGHT
0.15320339798927307	0.6511688232421875	-1.4009989500045776	-0.5392306447029114	-1.0024443864822388	0.2949216663837433	1.04556405544281	1.1787736415863037	0.47463101148605347	-1.230472445487976	0.8279723525047302	0.00771121634170413	-0.6212993264198303	-0.06861013174057007	-0.25878164172172546	0.9037362337112427	0.5000997185707092	-0.33403146266937256	-0.9989217519760132
-0.0488358698785305	0.8534219264984131	-0.37556496262550354	1.0972658395767212	-0.21390080451965332	-0.20033884048461914	-0.7274450659751892	-0.8460725545883179	0.6266650557518005	-0.8562241196632385	0.38072487711906433	-0.19644157588481903	-0.04092627018690109	1.0800156593322754	0.4970947504043579	-0.4973090589046478	-1.1545130014419556	-0.0024227118119597435	-0.5537893176078796
-0.13032512366771698	-0.08441746979951859	0.7718639373779297	0.7974222302436829	0.2857723832130432	-0.5787642598152161	-0.5961092710494995	-0.671480119228363	-0.1574341505765915	0.7456330060958862	-0.4451315402984619	-0.020435944199562073	0.24620646238327026	0.5421882271766663	0.33338016271591187	-0.6319869160652161	-0.562758207321167	0.10105080157518387	0.5411005616188049
0.031025560572743416	-1.1253080368041992	0.4246276915073395	-1.2112982273101807	0.35305100679397583	-0.23659630119800568	1.0556553602218628	0.741390585899353	-0.9459725618362427	1.381983995437622	-0.5928510427474976	0.08932757377624512	-0.13982075452804565	-1.2240431308746338	-0.29657477140426636	0.45587295293807983	1.0358341932296753	-0.17745065689086914	0.8926373720169067
0.16610389947891235	-0.6287992000579834	-0.5131067633628845	-1.6997878551483154	-0.02143882028758526	0.40189263224601746	1.2047446966171265	0.947475254535675	-0.14713242650032043	-0.41509947180747986	0.20222458243370056	0.044017493724823	-0.10594625025987625	-1.442737340927124	-0.3651748597621918	0.836810827255249	1.0238531827926636	-0.21075168251991272	-0.12414809316396713
0.08946029841899872	0.8429082632064819	-0.7032273411750793	0.1503412425518036	-0.5778743624687195	0.5269670486450195	-0.4541219472885132	0.14231373369693756	1.1877435445785522	-2.0129668712615967	0.823767364025116	0.03400216996669769	0.29133889079093933	0.4569458067417145	-0.025784814730286598	0.010219020769000053	-0.3086739778518677	0.21727003157138824	-1.0667505264282227
-0.1293388456106186	1.2826234102249146	-0.338032603263855	1.775266408920288	-0.32284921407699585	0.04630269482731819	-1.4117143154144287	-0.6956458687782288	0.6542947888374329	-0.7422642707824707	0.46457621455192566	-0.14263948798179626	-0.03817860037088394	1.7207319736480713	0.289486289024353	-0.8293865323066711	-1.410237193107605	0.3720088005065918	-0.6558682918548584
-0.22885391116142273	0.38561123609542847	0.10618947446346283	1.4590342044830322	0.3582708239555359	-0.3632253408432007	-0.6733077764511108	-0.9842345118522644	-0.5864670276641846	1.2098276615142822	-0.10602454841136932	-0.40247949957847595	-0.5557838082313538	1.0127909183502197	0.4513806700706482	-0.7688086628913879	-1.198059320449829	-0.0323665589094162	0.2271260917186737
0.02856016717851162	-0.23083490133285522	0.17930804193019867	0.19307443499565125	-0.0061747352592647076	-0.1503632664680481	0.39742687344551086	-0.07738582789897919	0.008692282252013683	0.7581334114074707	-0.058230750262737274	-0.1871064454317093	-0.22855640947818756	0.20040759444236755	0.27912598848342896	0.033575233072042465	0.22317031025886536	-0.20959195494651794	0.2202211171388626
0.19324633479118347	0.2838890254497528	-0.14252795279026031	0.03237557411193848	-0.2682357728481293	0.13962846994400024	0.1744067519903183	0.554828941822052	0.5842602849006653	-0.49199509620666504	0.03939680755138397	0.3447100818157196	0.2837711274623871	0.5600605607032776	0.22979046404361725	0.5031000971794128	0.49711576104164124	0.26157352328300476	-0.10214149951934814
-0.22275084257125854	0.8604538440704346	0.20107434689998627	1.2158353328704834	0.8083633780479431	-0.355619877576828	-1.0618259906768799	-0.7615348100662231	-0.6927049160003662	-0.21390318870544434	-0.41386809945106506	0.45458951592445374	0.236845925450325	1.1888759136199951	0.7816346883773804	-0.054447200149297714	-1.1103105545043945	0.4793519377708435	0.08659151196479797
-0.5815389752388	0.43950381875038147	1.153207540512085	1.754576563835144	1.144112467765808	-1.0379233360290527	-1.3166447877883911	-1.7901936769485474	-1.1869114637374878	0.3250587284564972	-0.8532846570014954	0.12827594578266144	0.13869105279445648	1.1955149173736572	1.1625499725341797	-0.6779425740242004	-1.5281574726104736	0.05828548222780228	0.29994985461235046
-0.23608992993831635	-0.4361286461353302	0.8350688219070435	0.45028266310691833	-0.05495213344693184	-0.653170108795166	-0.14596027135849	-0.17688831686973572	-0.02290462516248226	-0.06946037709712982	-0.5968258380889893	-0.017094701528549194	0.18320398032665253	0.4884282946586609	0.6771264672279358	-0.10348217189311981	0.5852376222610474	-0.056376829743385315	0.46216920018196106
0.18712139129638672	-0.6225915551185608	-0.4290265440940857	-1.167555570602417	-0.7511982917785645	0.19230243563652039	0.5234412550926208	1.621604323387146	0.5877063870429993	-0.7531360387802124	0.12625136971473694	0.15322060883045197	0.2215459793806076	-0.4356464147567749	0.03923189640045166	0.7327979207038879	2.0307376384735107	0.11924615502357483	0.38387370109558105
-0.033181942999362946	-0.08987173438072205	-0.31195423007011414	-1.0538336038589478	-0.3955005407333374	0.07220624387264252	-0.16962409019470215	0.6479100584983826	0.19346962869167328	-0.9361359477043152	0.5319399833679199	0.09789913147687912	0.2999570667743683	-0.7383280992507935	-0.1292678415775299	0.044578917324543	0.3990626335144043	-0.09402092546224594	-0.3787855803966522
-0.428908109664917	0.128364697098732	0.4812297523021698	0.18044276535511017	0.027382461354136467	-0.5804034471511841	-0.8677873611450195	-1.2778490781784058	-0.2362542599439621	-0.42984384298324585	0.2942345440387726	-0.3409283459186554	0.06320217251777649	-0.44828560948371887	-0.24781434237957	-1.1369316577911377	-1.6900478601455688	-0.006888548843562603	-0.7067639827728271
-0.2580983340740204	-0.26143670082092285	-0.055899884551763535	0.6637230515480042	0.13343007862567902	-0.584871768951416	-0.5779020190238953	-1.2046157121658325	0.004132717382162809	-0.11831808090209961	-0.16411513090133667	-0.6309261322021484	-0.27541038393974304	-0.11121436953544617	-0.3431888818740845	-0.7437179684638977	-1.0785897970199585	0.4729609191417694	-0.034701719880104065
0.20857448875904083	-0.250339150428772	-0.5380179286003113	0.7359815239906311	0.20858432352542877	0.06828413903713226	-0.09814856201410294	-0.26026585698127747	0.48895418643951416	0.11676919460296631	-0.38438674807548523	-0.466232568025589	-0.08126211166381836	0.562264084815979	0.3448958992958069	0.14802980422973633	0.41808611154556274	0.07298924773931503	0.3934634029865265
0.25212880969047546	0.5309191346168518	0.5363492369651794	1.4698644876480103	0.6952089667320251	0.6154134273529053	-0.4876480996608734	-0.6843251585960388	-0.2340637594461441	1.5597435235977173	-0.2570422291755676	-0.023769451305270195	0.03323036804795265	1.6901023387908936	1.5801661014556885	-0.1568431556224823	-0.05024317279458046	-0.594607412815094	0.263776034116745
-0.13704617321491241	1.0201876163482666	1.3697949647903442	1.9123166799545288	1.107108473777771	0.4280086159706116	-1.2693822383880615	-1.5527534484863281	-1.5013294219970703	2.6044347286224365	-0.0651814416050911	0.28601914644241333	-0.33455848693847656	2.1705188751220703	1.8174189329147339	-0.6199721693992615	-1.3587226867675781	-0.06849004328250885	0.18104571104049683
-0.40611526370048523	0.6132495403289795	0.9194657802581787	1.4218753576278687	0.8552218079566956	-0.2553049921989441	-1.40289306640625	-1.6913365125656128	-1.1223316192626953	1.2853223085403442	-0.36840271949768066	0.20513607561588287	-0.14655844867229462	1.4472618103027344	0.7134155035018921	-0.38364359736442566	-1.7828563451766968	0.7858834862709045	0.34352734684944153
-0.22764497995376587	-0.03984624892473221	0.36070674657821655	0.9292941093444824	0.8038721084594727	-0.5601372122764587	-0.8211633563041687	-1.32783842086792	0.23351773619651794	-0.3769514858722687	-1.0281646251678467	0.09388944506645203	0.6828885078430176	0.5332802534103394	-0.10814566910266876	-0.03542877733707428	-1.2155640125274658	0.9292583465576172	0.7095932364463806
0.10874612629413605	-0.37370216846466064	0.09538418799638748	0.24799180030822754	1.0089035034179688	-0.23344583809375763	0.06277446448802948	0.2150525450706482	0.5192008018493652	-0.7847180366516113	-0.9897664189338684	0.3387031853199005	1.001509189605713	0.040536753833293915	0.18065375089645386	0.5652729272842407	0.6595049500465393	0.8706431984901428	0.6053585410118103
0.11566770821809769	-0.6225663423538208	0.10597545653581619	-1.3464010953903198	0.09181855618953705	0.20989851653575897	0.7168123126029968	2.0963149070739746	0.11233574897050858	-0.7997243404388428	0.02898828126490116	0.5601707100868225	0.739949643611908	-0.7539846301078796	0.2941248416900635	1.0295761823654175	2.505908966064453	0.5899829864501953	0.0031585085671395063
-0.023464901372790337	-1.041905164718628	0.3375869691371918	-2.89156436920166	-1.3471730947494507	0.3898921608924866	0.8280708193778992	2.0427892208099365	0.29725563526153564	-0.712835431098938	0.8263131380081177	0.3068004846572876	0.5683788657188416	-1.9639476537704468	-0.7440705299377441	0.4452616274356842	2.077991247177124	-0.14990174770355225	0.0843467190861702
0.18515872955322266	-1.0681695938110352	0.04802897945046425	-2.7494056224823	-1.1447803974151611	0.47059932351112366	0.9617805480957031	1.4305408000946045	0.9188476800918579	-0.6414605975151062	0.5426722168922424	0.06560564786195755	0.6260676383972168	-2.039578676223755	-1.6358588933944702	0.24267421662807465	0.8538062572479248	-0.1447158306837082	0.5675097107887268
0.5071614980697632	-0.137950599193573	-0.48361071944236755	-0.4781686067581177	0.7889249920845032	0.7902911901473999	1.0234143733978271	1.7830647230148315	1.092583179473877	-0.5477645993232727	-0.16450491547584534	0.3784434199333191	0.8060851097106934	-0.09625211358070374	-0.7812111973762512	1.3876248598098755	0.9749678373336792	1.082776427268982	0.22816696763038635
0.333340585231781	0.8104738593101501	-0.3236958980560303	2.025644302368164	2.147800922393799	1.004766583442688	-0.2043711245059967	0.7468802332878113	0.4884025454521179	0.1755300611257553	-0.44254398345947266	0.5450133681297302	0.7379280924797058	1.8510682582855225	0.9676514267921448	1.4538540840148926	0.8245575428009033	1.6867475509643555	-0.39147186279296875
-0.28102198243141174	0.4156031608581543	0.16764318943023682	1.9928078651428223	1.2080553770065308	0.3443567156791687	-2.002837657928467	-2.0368826389312744	-0.46795517206192017	0.7598327994346619	-0.21101684868335724	-0.3104116916656494	-0.03970829397439957	1.2502391338348389	1.4303150177001953	-0.8276808857917786	-0.9549930095672607	0.5170865654945374	-0.23872920870780945
-0.7230189442634583	-0.7484951019287109	0.39248403906822205	-0.1282259225845337	-0.9447479844093323	-1.1691679954528809	-2.1968305110931396	-3.053112030029297	-0.6682398319244385	-0.2683989405632019	0.3057836592197418	-1.5089257955551147	-0.8299108743667603	-0.9757851362228394	0.17075200378894806	-2.990730047225952	-2.3054308891296387	-1.012184739112854	0.12272603064775467
-0.7565167546272278	-1.14705491065979	0.5283591747283936	-1.0895458459854126	-1.974863052368164	-2.5621631145477295	-0.9878066778182983	-1.0988316535949707	0.32747066020965576	-1.7241203784942627	0.6482402086257935	-1.637705683708191	-0.5105740427970886	-1.8574399948120117	-1.0951552391052246	-3.000727415084839	-1.537414789199829	-1.3325275182724	0.009671327657997608
-0.5108832120895386	-0.741248369216919	0.4546547830104828	-0.18475107848644257	-1.274890422821045	-2.318781614303589	-0.07219944149255753	0.5308519601821899	0.8046169877052307	-0.7446017265319824	0.48103514313697815	-0.8486536145210266	0.06337656825780869	-1.1135503053665161	-1.0307165384292603	-1.8483948707580566	-0.409079372882843	-0.6895862221717834	0.06101919710636139
-0.027756832540035248	-0.45502179861068726	-0.2521330714225769	0.1531129777431488	-0.16721981763839722	-0.06847578287124634	0.1564592719078064	-0.38662484288215637	-0.05572596564888954	1.6326274871826172	0.178664430975914	-0.47687190771102905	-0.4497610032558441	-0.6289079189300537	-0.3205142319202423	-0.9380901455879211	-0.5845550894737244	-0.0921621173620224	0.29335302114486694
0.3524942696094513	-0.45857420563697815	-0.862067699432373	-1.0018744468688965	0.2757164239883423	1.8399578332901	0.16204090416431427	-1.1555510759353638	-0.5545030236244202	1.5477114915847778	0.11976046115159988	-0.48889586329460144	-0.8540800213813782	-0.8655927181243896	-0.08519109338521957	-0.0372857041656971	-0.4272785782814026	0.08527369052171707	-0.06852525472640991
0.2664123475551605	-0.3492653965950012	-0.4021449387073517	-1.9283369779586792	0.11749064177274704	1.3382574319839478	0.34910622239112854	0.6589540839195251	-0.03520498797297478	-0.731441855430603	0.18833611905574799	0.11801216751337051	0.20976005494594574	-1.058417797088623	-0.3129121959209442	0.9181508421897888	1.016387701034546	0.17163953185081482	-0.4706265330314636
0.07757064700126648	-0.11773058027029037	0.31445732712745667	-1.2100886106491089	-0.3819831609725952	-0.31836527585983276	0.8160825967788696	2.4060475826263428	0.6847958564758301	-1.6211371421813965	0.18956279754638672	0.8641354441642761	1.2011059522628784	-0.6211315393447876	-0.5559008121490479	1.0386366844177246	1.6364802122116089	0.3605074882507324	-0.12142019718885422
0.08944562077522278	0.1204678937792778	0.5368112325668335	0.6261541247367859	-0.729519248008728	-1.1342828273773193	0.8605120182037354	0.9470993876457214	0.7950506210327148	0.036400362849235535	-0.05432392284274101	0.5922838449478149	0.5686235427856445	0.6833257079124451	-0.4780469834804535	0.29946842789649963	0.5207075476646423	0.21211028099060059	0.5842416286468506
-0.00919052679091692	0.48604241013526917	0.9532210826873779	1.8683584928512573	-0.4173814058303833	-1.0557563304901123	-0.05955291539430618	-1.812068223953247	-0.24990127980709076	1.952955722808838	-0.5958130955696106	-0.13029776513576508	-0.4131232500076294	1.882430911064148	0.1524820774793625	-0.5045551061630249	-0.8044533729553223	-0.2864587903022766	0.9831175804138184
-0.1261875182390213	0.5273654460906982	0.8707824349403381	1.277141809463501	0.35695523023605347	-0.45486441254615784	-0.6048111319541931	-2.0440263748168945	-1.289929986000061	1.9349368810653687	-0.8960495591163635	-0.09750761091709137	-0.49645113945007324	1.2530826330184937	0.728980302810669	-0.656967043876648	-1.3631517887115479	-0.44748589396476746	0.6059014201164246
0.10712610185146332	-0.00618079025298357	-0.3322957158088684	-0.2017105519771576	0.8428620100021362	0.37543031573295593	0.29277780652046204	-0.12961283326148987	-0.6926868557929993	0.6920493841171265	-0.4401300251483917	0.32831239700317383	-0.1583426147699356	-0.36291763186454773	0.30946627259254456	0.14941191673278809	-0.7675144672393799	0.023490184918045998	-0.10860976576805115
0.2764492630958557	-0.12148235738277435	-0.40888482332229614	-0.42385992407798767	0.09433047473430634	0.3354020118713379	0.6815534830093384	0.4999026656150818	0.5516243577003479	-0.20206144452095032	0.15918491780757904	0.1859142929315567	0.241170272231102	-0.3216001093387604	-0.5140831470489502	0.5385233759880066	0.4122530519962311	0.3958536684513092	-0.145355224609375
0.011902406811714172	0.21823439002037048	0.4495626389980316	0.28009480237960815	-0.8980193138122559	-0.2617848515510559	-0.20643605291843414	-0.46884286403656006	0.40630027651786804	-0.0773022323846817	0.21963948011398315	-0.2948473393917084	0.04329409450292587	0.4531245827674866	-0.45256850123405457	-0.37627264857292175	0.11932460218667984	-0.256806880235672	0.1246919259428978
-0.10784198343753815	0.09496869891881943	-0.052563585340976715	0.215217724442482	-0.1439032107591629	-0.06124071776866913	-0.118265800178051	-0.5411909222602844	-0.616309404373169	0.9828190803527832	-0.05195653438568115	-0.17668086290359497	-0.64117032289505	-0.007112701423466206	0.18703745305538177	-0.5480100512504578	-0.8377755284309387	-0.6598134636878967	0.08265366405248642
0.26465895771980286	-0.048550065606832504	-0.40855637192726135	-0.09879035502672195	0.8532610535621643	0.4626547694206238	0.7435873746871948	0.174756720662117	-0.43821826577186584	1.2315586805343628	-0.3240763247013092	0.390616238117218	-0.16246424615383148	-0.09519442170858383	0.21165721118450165	0.5970233082771301	-0.06624016165733337	0.36396488547325134	0.05478440970182419
0.4335341453552246	0.25290071964263916	0.20499058067798615	0.04996926337480545	0.11815611273050308	0.671968400478363	0.5731031894683838	0.1923476755619049	0.47884583473205566	0.11167091131210327	-0.13671091198921204	0.3560721278190613	0.5400540232658386	0.5236932635307312	-0.3329920470714569	0.8203162550926208	0.7716428637504578	0.5574191212654114	0.08266235888004303
0.0403452031314373	0.3369421362876892	-0.017023535445332527	0.022166535258293152	-0.717624843120575	0.4474621117115021	0.01312498189508915	0.061951443552970886	0.2603951692581177	-0.22870242595672607	0.418927401304245	-0.15092234313488007	-0.18390358984470367	0.12536297738552094	-0.4437120854854584	-0.08845619857311249	0.034734487533569336	-0.6002852320671082	0.006418424658477306
-0.13355858623981476	-0.0464632585644722	-0.6353617906570435	-0.23760873079299927	-0.46123379468917847	-0.259287029504776	0.026405449956655502	0.047437768429517746	-0.13587328791618347	0.19127842783927917	0.3804527819156647	-0.3007602393627167	-0.696731686592102	-0.48259595036506653	-0.1419534832239151	-0.5662932395935059	-0.6095773577690125	-0.5451397895812988	-0.37828975915908813
0.17501695454120636	-0.12110720574855804	-0.3367885649204254	-0.24807162582874298	0.07171204686164856	-0.16479526460170746	0.3329336941242218	-0.5175262689590454	0.04384935647249222	-6.271779420785606e-05	-0.08426906168460846	-0.08862528949975967	-0.12139757722616196	-0.3105405569076538	-0.2258199006319046	-0.2243959754705429	-0.4527851343154907	0.25232985615730286	-0.5512000918388367
0.22998009622097015	0.2873111963272095	0.314237505197525	-0.017546651884913445	0.28684481978416443	0.581786036491394	0.42458078265190125	-0.531593382358551	-0.32198449969291687	0.17046216130256653	-0.18952332437038422	0.2539544105529785	0.17280752956867218	0.04732692241668701	-0.3758106827735901	0.481563538312912	-0.0560942105948925	0.02466980367898941	0.2423156201839447
-0.03530990704894066	0.2244204878807068	0.3569929301738739	0.21381451189517975	-0.04414339363574982	0.09710467606782913	0.12404704838991165	0.3493648171424866	-0.36105236411094666	0.7588737607002258	-0.14957675337791443	0.3475169241428375	-0.10076318681240082	0.3800436556339264	0.03507746383547783	0.5102916955947876	0.2114279419183731	-0.4443126618862152	0.6111122369766235
-0.04640161618590355	-0.02788619138300419	-0.2861359715461731	0.10575336217880249	-0.3726741671562195	-0.39433300495147705	-0.0933118462562561	-0.01790420152246952	0.20422770082950592	0.16389146447181702	0.13964976370334625	-0.11561302095651627	-0.38252201676368713	0.09990085661411285	0.20649471879005432	-0.34737464785575867	-0.2267138808965683	-0.43118566274642944	-0.46109825372695923
0.16345049440860748	0.33323007822036743	-1.2059779167175293	-0.5306034684181213	-0.4098798334598541	0.7118998169898987	0.11085145175457001	-0.6105561852455139	0.19353057444095612	-1.1413465738296509	0.8347181081771851	-0.4635979235172272	-0.5682413578033447	-0.8290048837661743	-0.47551530599594116	-0.379548043012619	-0.46103256940841675	-0.1445719301700592	-1.3198962211608887
0.15760067105293274	0.49664995074272156	-0.9399427771568298	-0.6300621628761292	-0.7693316340446472	1.0282399654388428	0.2689138352870941	0.62213134765625	0.38276585936546326	-1.0112100839614868	0.8754848837852478	-0.09537816792726517	-0.3056489825248718	-0.4759412705898285	-0.8381540775299072	0.40980786085128784	0.37531140446662903	-0.06893593072891235	-0.5833879709243774
-0.09794942289590836	0.14426389336585999	1.0681489706039429	0.3846077024936676	-0.9682142734527588	-0.669879674911499	0.1051320880651474	1.0591503381729126	0.6153771877288818	0.5697181224822998	-0.12711308896541595	0.5032860040664673	0.4051382541656494	1.083086371421814	-0.057506661862134933	0.12926001846790314	0.5502009391784668	-0.6311188340187073	0.9172517657279968
-0.13027366995811462	-0.1193283423781395	1.637574315071106	0.48803240060806274	-0.15174566209316254	-1.3709757328033447	0.2955860197544098	-0.2885184586048126	-0.591629683971405	1.122868537902832	-0.8556623458862305	0.504901111125946	0.27184727787971497	0.8057577013969421	0.645901620388031	-0.5252243280410767	-0.3628566861152649	-0.9407963752746582	1.2032114267349243
0.27122876048088074	-0.3275630474090576	-0.6747475266456604	-1.0220907926559448	0.93672776222229	0.49507850408554077	1.040588140487671	-0.678070604801178	-1.5907187461853027	-0.11140481382608414	-0.4034082293510437	-0.0809236466884613	-0.7148623466491699	-1.363364815711975	0.15328346192836761	0.2818703055381775	-0.16400286555290222	-0.3881250321865082	-0.2592040002346039
0.5219598412513733	-0.4077043831348419	-2.0362794399261475	-1.7290239334106445	0.8793438673019409	2.1241445541381836	1.0576415061950684	0.46847856044769287	-0.13002830743789673	-1.4322874546051025	0.362531453371048	-0.2096540629863739	-0.4509586989879608	-1.934460997581482	-0.640339195728302	1.611811637878418	1.2725366353988647	0.38803961873054504	-1.5622913837432861
0.27911972999572754	-0.15743547677993774	-0.7099292278289795	-0.8765794634819031	0.14395834505558014	1.5402233600616455	0.18196159601211548	1.3919862508773804	1.3922961950302124	-1.489323616027832	0.31502893567085266	0.4231322705745697	0.8692013025283813	-0.48359185457229614	-0.7428733110427856	1.6215051412582397	1.3985569477081299	0.9513943195343018	-1.0754221677780151
0.052800800651311874	0.2741718590259552	0.28523388504981995	-0.05328930541872978	0.3948509097099304	0.4832969307899475	-0.050655752420425415	0.3583030104637146	0.3088071942329407	-0.23123136162757874	-0.2687205374240875	0.6961950063705444	0.7580724954605103	0.2329162359237671	-0.5308657288551331	0.6071320176124573	-0.39744794368743896	1.0003268718719482	0.1048484817147255
0.20189787447452545	0.5978396534919739	-0.4416021704673767	0.2508910596370697	1.0401030778884888	0.3791063725948334	0.36080339550971985	-1.8135387897491455	-1.1185095310211182	1.0554763078689575	-0.3726586699485779	0.0355568528175354	-0.678669273853302	-0.13733048737049103	-0.27176934480667114	-0.08969342708587646	-1.7362715005874634	0.1834145188331604	0.023449935019016266
0.3638381063938141	0.5687174201011658	-1.063767433166504	0.680692195892334	0.4288422763347626	0.5700168013572693	0.13501882553100586	-2.0339467525482178	-0.5451626181602478	0.7780370712280273	0.3005134165287018	-0.7587376832962036	-1.276444673538208	0.12240390479564667	0.19356012344360352	-0.2584313452243805	-1.2695382833480835	-0.9776831865310669	-0.9862218499183655
0.022456752136349678	0.5684623122215271	-0.6533123254776001	1.1860865354537964	-0.7125611305236816	0.3806035816669464	-0.8440154194831848	-0.18424265086650848	0.693009614944458	-0.9092406034469604	0.9651663899421692	-0.7216785550117493	-0.5763707756996155	0.9816518425941467	0.5226789116859436	-0.4465198218822479	-0.19319017231464386	-0.8683662414550781	-1.2173724174499512
-0.40556564927101135	0.7952855825424194	-0.08088470995426178	0.9847650527954102	-0.5649899840354919	0.029632626101374626	-1.3271911144256592	0.6886819005012512	0.7554811239242554	-1.7813060283660889	0.7279702425003052	0.06159767881035805	0.1877296268939972	1.0466113090515137	0.25366854667663574	-0.5358200669288635	0.042463529855012894	0.4339480400085449	-0.3312150537967682
-0.14249543845653534	0.5939814448356628	0.4057447016239166	0.2723885178565979	0.48920461535453796	-0.1945289671421051	-0.3716764450073242	-0.058567073196172714	-0.026882722973823547	-0.5552612543106079	-0.2911645770072937	0.6361398100852966	0.4505104422569275	0.545070230960846	-0.11682017147541046	-0.10198713093996048	-0.36534959077835083	0.6063165068626404	0.6568012833595276
0.15005379915237427	-0.04821033775806427	1.0822219848632812	0.14379353821277618	0.6995646953582764	-0.6093690395355225	0.5820369720458984	-0.5417906641960144	-0.6200794577598572	0.8225091099739075	-1.0170215368270874	0.5120521783828735	0.4642137587070465	0.4516955316066742	0.24203848838806152	0.19356106221675873	-0.5581088066101074	-0.356480211019516	0.9422459602355957
-0.2508856952190399	-0.31076329946517944	0.9066495895385742	0.4737410545349121	0.13176129758358002	-0.9674558043479919	-0.15497305989265442	-0.5297797322273254	-0.7070023417472839	0.1870475709438324	-0.600067675113678	-0.04672353342175484	0.046841152012348175	0.2622442841529846	0.5757842659950256	-0.4605999290943146	-0.7002512216567993	-0.4936267137527466	0.33731722831726074
-0.4196564257144928	0.04666518792510033	-0.44565314054489136	0.32000458240509033	-0.15241281688213348	-0.491381973028183	-0.9879458546638489	-0.35165804624557495	0.08335340023040771	-1.4573626518249512	0.477368026971817	-0.4512794017791748	-0.47652295231819153	-0.20122185349464417	-0.16406701505184174	-0.9189988970756531	-0.5658655166625977	0.14666615426540375	-0.6211420893669128
0.07107390463352203	0.2868253290653229	-0.9951578974723816	-0.3734567165374756	-0.2743053436279297	0.23526594042778015	-0.19286198914051056	0.44248756766319275	1.0390130281448364	-1.735945224761963	0.8991450071334839	-0.25593823194503784	-0.16839444637298584	-0.40365052223205566	-0.9677154421806335	-0.15515311062335968	0.2109840363264084	0.35930100083351135	-0.7558709979057312
0.25930729508399963	-0.06020074710249901	-0.17910413444042206	-0.5693114399909973	-0.22499439120292664	0.2662025988101959	0.7886635661125183	1.0734385251998901	0.6606549024581909	-0.15808194875717163	0.316497802734375	0.10392282903194427	0.3403876721858978	-0.45432955026626587	-0.4710060954093933	0.5208279490470886	0.5550949573516846	-0.2900351285934448	0.10151080042123795
-0.05227617174386978	-0.23388013243675232	0.23325085639953613	0.38233715295791626	0.44697001576423645	-0.10286115109920502	0.2615049183368683	0.5757894515991211	-0.4428216814994812	1.2828211784362793	-0.17534509301185608	-0.0178570207208395	-0.22046484053134918	-0.11745332181453705	0.8009464144706726	0.10314793139696121	0.05805477872490883	-0.9700930714607239	0.6148075461387634
-0.26487982273101807	0.19501285254955292	-0.21735310554504395	1.199078917503357	0.8302239179611206	-0.4640900790691376	-1.2468345165252686	-0.8009794354438782	-0.633340060710907	0.32381778955459595	0.025723906233906746	-0.4352043569087982	-0.9027211666107178	0.5886062383651733	1.2732383012771606	-0.8092008233070374	-0.5297470688819885	-0.5007022023200989	-0.004739994183182716
-0.31145918369293213	0.286625474691391	-0.3602292537689209	0.6030781865119934	0.19960395991802216	-0.5440194606781006	-1.6026912927627563	-1.3363605737686157	-0.0065365443006157875	-1.634812831878662	0.2301614135503769	-0.49200639128685	-0.26796993613243103	0.4531378746032715	0.5779580473899841	-1.034765362739563	-0.451335608959198	0.22492335736751556	-0.6019178032875061
-0.23524925112724304	-0.37043723464012146	0.29762783646583557	-0.5373535752296448	-0.36972352862358093	-0.32913532853126526	0.006200870964676142	0.666641354560852	0.24024847149848938	-1.180076241493225	-0.08433977514505386	0.1293289065361023	0.6433521509170532	-0.4316384792327881	0.08310504257678986	0.08684422075748444	0.866844654083252	-0.1494249403476715	0.2042991816997528
-0.06135312095284462	-0.8877672553062439	1.2246726751327515	-0.841784656047821	-0.0836915522813797	-0.6515207886695862	1.1936545372009277	2.549976348876953	-0.22041362524032593	0.7883759140968323	-0.7014743685722351	0.7876811027526855	0.5998722314834595	-0.4371800422668457	0.5490184426307678	1.0158177614212036	2.0107321739196777	-0.7035764455795288	1.5521177053451538
-0.07283968478441238	-0.785271167755127	1.2867395877838135	-0.46095025539398193	0.48982036113739014	-1.1740278005599976	0.375360906124115	1.0271682739257812	-0.7463191747665405	0.709868311882019	-0.945726752281189	0.5876850485801697	0.23192493617534637	0.14295732975006104	1.0484012365341187	0.33111995458602905	1.255775809288025	-0.568242073059082	1.479726791381836
-0.24085886776447296	-0.3475152552127838	-0.12281356006860733	-0.08630703389644623	0.5814998745918274	-0.5671058893203735	-0.704262375831604	-0.9454365968704224	-0.532999575138092	-1.0306915044784546	-0.46149444580078125	-0.21703138947486877	-0.016910919919610023	-0.03144460916519165	0.8457322716712952	-0.5357423424720764	-0.06860080361366272	-0.0673382505774498	-0.10408610105514526
-0.08041305840015411	0.13864630460739136	-1.5209290981292725	0.2994052767753601	0.6029529571533203	0.9141246676445007	-0.49593621492385864	-0.36557871103286743	0.26600831747055054	-0.7927232384681702	0.21894526481628418	-0.650325357913971	-0.43090587854385376	-0.5052956938743591	0.08881007879972458	-0.20372600853443146	-0.6356850266456604	0.48409339785575867	-1.195074200630188
0.532833993434906	0.2643911838531494	-1.4265893697738647	0.2501566410064697	1.2095906734466553	1.9578074216842651	0.4386416971683502	0.46230965852737427	0.48349660634994507	1.6005513668060303	0.5625997185707092	-0.2803865373134613	-0.6850180625915527	-0.5302747488021851	-0.6660245656967163	0.8736533522605896	-0.6155978441238403	0.5015817284584045	-0.5635996460914612
-0.021905506029725075	-0.27002283930778503	0.2844744026660919	-0.311659038066864	0.22041863203048706	-0.32313108444213867	-0.01222935039550066	0.7082856893539429	0.05519063025712967	-0.3055214285850525	-0.22420085966587067	0.44155287742614746	0.4050913453102112	0.3758270740509033	0.7025527954101562	0.6544879078865051	1.3910198211669922	0.021387338638305664	0.49561750888824463
-0.5877906084060669	-0.03036542236804962	0.019935550168156624	0.6970768570899963	-0.003955096006393433	-0.8257949352264404	-1.2206618785858154	-0.5052558183670044	-0.3226707875728607	-1.332568645477295	-0.30169305205345154	-0.5281235575675964	-0.2081414759159088	0.040802083909511566	0.9853523969650269	-1.2157799005508423	-0.47685062885284424	-0.3382294476032257	-0.19980865716934204
-0.0886179655790329	0.22213564813137054	-0.2440343052148819	1.2242168188095093	0.5416659712791443	0.04045728221535683	-0.9785232543945312	-1.95017409324646	-0.314388245344162	0.3478328585624695	0.1673891842365265	-0.9241563081741333	-0.7760430574417114	-0.024794360622763634	0.05543377995491028	-1.2469278573989868	-2.1575398445129395	-0.7700918316841125	-0.4451757073402405
0.4555121064186096	0.12586340308189392	0.02352859079837799	0.3215704560279846	0.30618318915367126	0.4057636260986328	0.6546810269355774	0.04333692416548729	0.2887289226055145	1.5925933122634888	0.1879194676876068	0.1236506924033165	-0.08519390225410461	0.5214256644248962	-0.3600306510925293	0.8077808618545532	0.07982378453016281	-0.058711521327495575	0.16663116216659546
0.09757120907306671	-0.26396051049232483	-0.13153137266635895	-1.0135694742202759	0.03624989464879036	0.3451463282108307	0.9856429100036621	2.511169195175171	0.2320103794336319	0.39540305733680725	-0.2890700399875641	0.8961862921714783	0.5023365020751953	0.014126477763056755	0.3833668828010559	1.5684340000152588	2.526956558227539	0.8016813397407532	0.728308916091919
-0.3689556419849396	-0.49786123633384705	-0.39670509099960327	-0.9048956632614136	0.4399426281452179	0.5307953953742981	-0.722494900226593	1.1594204902648926	-0.0654030442237854	-1.6877774000167847	-0.2176983803510666	0.1902926117181778	0.3150638937950134	-0.7733741998672485	0.9875831604003906	0.07397348433732986	1.3585929870605469	0.30096545815467834	0.05589530989527702
-0.15168483555316925	-0.02936984971165657	-0.288320928812027	0.336675763130188	0.15610675513744354	0.4371922016143799	-1.6019835472106934	-0.8442205786705017	0.47018229961395264	-2.1591970920562744	0.5073089599609375	-0.6346413493156433	0.09706205874681473	-0.08986382186412811	0.4321369230747223	-0.6925949454307556	-0.44730669260025024	-0.36181649565696716	-1.1787651777267456
0.07887616008520126	0.6901978254318237	-0.41473710536956787	0.8874590992927551	-0.7207651734352112	-0.04544651508331299	-0.514757513999939	-0.5483242273330688	0.8170439004898071	-0.2820664644241333	0.7593286037445068	-0.41192686557769775	-0.17552076280117035	0.7719298601150513	-0.5168607234954834	-0.007387862540781498	-0.6316129565238953	0.12197496742010117	-0.9623991847038269
-0.16807974874973297	0.5005409121513367	-0.4463188648223877	0.4138193130493164	-0.5493532419204712	-0.34738630056381226	0.24191024899482727	-0.01660868525505066	0.2924709618091583	1.3852614164352417	0.20158657431602478	0.0268101803958416	-0.4167553782463074	0.3031902015209198	-0.6248852014541626	-0.20126008987426758	-0.731849730014801	0.6704964637756348	0.40716272592544556
-0.18368059396743774	-0.265011727809906	0.06362685561180115	0.07699716836214066	0.3589392304420471	-0.18484541773796082	-0.2155136913061142	-0.09861002117395401	0.0012958536390215158	0.30377429723739624	-0.23402774333953857	-0.09391786903142929	-0.050507862120866776	-0.22748208045959473	0.022065898403525352	-0.86751788854599	-0.607562780380249	0.27542081475257874	0.5720568895339966
0.1833018809556961	-0.09157536923885345	0.3960249722003937	0.6648957133293152	0.7862159609794617	0.32548025250434875	-0.4994448721408844	0.011160248890519142	0.0716722384095192	-0.9154295325279236	-0.15150336921215057	-0.11137350648641586	0.4401397109031677	0.5837109684944153	0.7160137891769409	0.20611737668514252	0.5786521434783936	-0.17817085981369019	-0.23027998208999634
0.24642148613929749	0.6903194189071655	-0.1530732661485672	0.8940181136131287	0.4431183636188507	0.8672586679458618	-0.23720712959766388	0.1774015575647354	0.02374504692852497	0.13842763006687164	0.0012949774973094463	0.42325910925865173	0.2465265840291977	1.2244021892547607	0.9642057418823242	1.886001706123352	1.5853959321975708	0.08971275389194489	-0.3049296438694
0.06858839839696884	0.4664543867111206	-0.8522838950157166	-0.35890060663223267	-0.4350399971008301	0.989418625831604	0.20564810931682587	0.7304622530937195	0.37365520000457764	0.6911649107933044	0.1723376363515854	0.6870711445808411	-0.13365694880485535	0.20746971666812897	0.44363993406295776	1.628541111946106	1.4942092895507812	0.36109668016433716	-0.0993334949016571
0.04922328144311905	-0.4185349941253662	-0.6156107187271118	-1.2771992683410645	-0.6682610511779785	0.5481331944465637	0.49628716707229614	1.2901158332824707	0.6242043375968933	-0.3445335924625397	0.45397046208381653	0.018868688493967056	-0.08122605085372925	-0.9822525978088379	-0.36688923835754395	-0.0812530368566513	0.6664066314697266	0.10761864483356476	-0.19493168592453003
0.0031523462384939194	-0.637197732925415	-0.24139784276485443	-0.6849542856216431	0.1802080124616623	0.010211151093244553	-0.007241582032293081	0.41445499658584595	0.10731274634599686	-0.8283801674842834	0.41345667839050293	-0.7035640478134155	-0.013598471879959106	-1.1038742065429688	-0.5158799290657043	-0.7584626078605652	-0.14766380190849304	-0.09393815696239471	-0.3811272978782654
-0.19013923406600952	-0.25968819856643677	-0.618731677532196	-0.14839160442352295	0.4465402662754059	-0.17228959500789642	-0.6716346144676208	-1.0407273769378662	-0.22439180314540863	-0.5341913104057312	-0.06624401360750198	-0.37092021107673645	-0.2179332673549652	-0.8618732690811157	-0.13194091618061066	0.10585688054561615	-0.3812183141708374	0.14593085646629333	-0.6474749445915222
-0.16321349143981934	0.16058607399463654	-0.6988530158996582	-0.35957127809524536	-0.4187237024307251	0.03615295886993408	-0.14642739295959473	-0.8228198885917664	-0.005664094351232052	-0.059180933982133865	-0.25306838750839233	0.38238105177879333	-0.23631207644939423	-0.44750505685806274	-0.07712151855230331	0.7046390175819397	-0.12368389219045639	0.46961766481399536	-0.5019637942314148
0.2080044448375702	0.4100152552127838	-0.18691019713878632	-0.36397188901901245	-0.6331400871276855	0.6205757856369019	0.7368478178977966	0.7300613522529602	0.24041765928268433	0.4199956953525543	0.2643531262874603	0.3789336085319519	0.05274282768368721	0.25321370363235474	-0.22349610924720764	0.44085633754730225	0.3262886703014374	0.3529006838798523	-0.050071146339178085
0.34332385659217834	0.3541546165943146	-0.4406778812408447	-0.05417407676577568	0.3088526427745819	1.2857873439788818	0.13447026908397675	1.0176680088043213	0.475645512342453	-0.09119328111410141	0.739397406578064	-0.09758194535970688	0.09122098982334137	0.2835347056388855	-0.044629089534282684	0.379165381193161	0.5418316125869751	0.06262709945440292	-0.3553260564804077
-0.055243272334337234	0.07056466490030289	-0.9158222079277039	-0.13264764845371246	0.4030611217021942	0.9625381827354431	-1.0617270469665527	-0.3888837695121765	0.5286544561386108	-1.1669378280639648	0.4084506630897522	-0.18049563467502594	-0.019338572397828102	-0.4656195342540741	-0.05104483291506767	0.4703405201435089	0.21794775128364563	0.3271852135658264	-0.9364928603172302
-0.4420661926269531	-0.28464457392692566	0.30930763483047485	-0.4891027510166168	-1.1548713445663452	-0.7648217678070068	-0.6017816662788391	-1.1820459365844727	0.06293592602014542	-0.6873483657836914	-0.3751145601272583	0.1200021281838417	0.3747831881046295	-0.6429402828216553	-0.6883837580680847	-0.14044319093227386	-0.31537750363349915	0.8249208331108093	-0.3296959400177002
